Dataset,0,1,2,3,4,5,6,7,8,9,10,11,12,13,14,15,16,17,18,19,20,21,22,23,24,25,26,27,28,29,30,31
abalone,-0.2708789706230163,-0.1204654648900032,0.2290919423103332,-0.1307828873395919,-0.2270737588405609,-0.161835491657257,-0.1962879598140716,-0.1629069298505783,0.3096182942390442,-0.1169926673173904,0.1775662899017334,-0.1079069152474403,-0.3745642304420471,-0.1224357113242149,-0.0635316669940948,0.295179158449173,0.1401498168706894,-0.0624136589467525,-0.1129966303706169,0.0941487401723861,0.2178526669740677,0.2387501001358032,-0.1355217546224594,-0.0254463795572519,-0.0608545541763305,0.2076926827430725,-0.196120798587799,0.0450871922075748,-0.0178697034716606,0.1128788366913795,0.0320802852511405,0.1745096743106842
annealing,0.0969570726156234,-0.2271729707717895,-0.196512296795845,0.2550880908966064,0.1243089661002159,-0.1975774317979812,-0.1601028144359588,-0.1725581139326095,-0.1178358122706413,0.0100873298943042,0.3544399440288543,0.0800964534282684,0.006794607732445,-0.2270976305007934,0.1121028438210487,-0.0214064475148916,0.0653277039527893,0.213214173913002,-0.0141371544450521,0.3417504727840423,0.1636042296886444,-0.1733127832412719,0.1138278096914291,-0.1622965037822723,-0.1925491541624069,0.3284821808338165,0.1112497746944427,0.0273615662008523,0.1857751458883285,0.1422195583581924,0.0721144080162048,-0.1840355098247528
breast-cancer-wisc,0.0040310467593371,0.3331497013568878,-0.100839577615261,-0.2388327419757843,-0.0464779324829578,0.3066768050193786,0.1045234501361846,0.1477090120315551,0.1246800646185875,0.2904260754585266,-0.2919979393482208,-0.0477903559803962,-0.0750228092074394,0.1969512104988098,-0.020279161632061,-0.1654022186994552,-0.1148781403899192,-0.1059948951005935,-0.089487500488758,-0.1415341198444366,-0.1590606868267059,0.343898057937622,0.0134740844368934,0.0839646756649017,0.1218928024172782,-0.2331475466489792,-0.1658051311969757,-0.2502113580703735,-0.1495636105537414,-0.0348428003489971,0.1087466776371002,0.1876523494720459
breast-cancer-wisc-diag,-0.2011672258377075,0.2961223125457763,0.1002949625253677,-0.2712506949901581,-0.0426624417304992,0.1028885766863823,-0.1303999274969101,-0.0820984691381454,0.3735443949699402,0.1645163297653198,-0.1451817899942398,-0.0348358042538166,-0.2281636446714401,0.1032870933413505,0.1051485687494278,0.0648136809468269,-0.0168430525809526,-0.1734143644571304,-0.2500471472740173,-0.0329166315495967,0.0478976219892501,0.4729351699352264,-0.0758667886257171,-0.0580521002411842,0.0105556854978203,-0.0970265418291091,-0.1281361579895019,-0.1976939439773559,0.0206833593547344,0.0971206203103065,0.1512675583362579,0.2415785789489746
breast-cancer-wisc-prog,-0.0206091050058603,0.3368182480335235,-0.1398122161626815,-0.1264987587928772,0.2151641845703125,0.1145655587315559,-0.1717302948236465,-0.1345895826816558,0.2351708561182022,0.2930015325546264,-0.0955949798226356,0.0903678312897682,-0.0273726787418127,0.0955095961689949,0.2827174663543701,-0.1044432371854782,-0.0658110529184341,-0.0375088267028331,-0.2616620659828186,0.1388494223356247,0.0118607459589838,0.3588922321796417,0.0811836794018745,-0.1702466607093811,-0.0912199318408966,-0.0495100691914558,0.0669938251376152,-0.2866557538509369,0.2116960734128952,0.1349534392356872,0.2479014098644256,0.0668279007077217
chess-krvkp,-0.2451041936874389,0.2279690653085708,0.1716023832559585,-0.2842638492584228,-0.1141018941998481,0.0657864287495613,-0.1305956989526748,-0.0815589800477027,0.3910482227802276,0.0909674242138862,-0.1190044805407524,-0.0690166130661964,-0.2772919237613678,0.0833054557442665,0.0472598820924758,0.1374673992395401,0.0168689768761396,-0.1835778057575225,-0.2193076908588409,-0.0520739629864692,0.0687337219715118,0.4537638425827026,-0.1115559712052345,-0.0238387640565633,0.0203221477568149,-0.0667990073561668,-0.1688699424266815,-0.1443181484937667,-0.0156893320381641,0.0824871808290481,0.1130406782031059,0.2628418505191803
glass,0.167275071144104,-0.1330590695142746,-0.2600369751453399,0.2495861202478408,0.2371156066656112,-0.12599578499794,-0.1325037479400634,-0.1471703797578811,-0.1576317995786667,0.0681676566600799,0.2573253214359283,0.1264098584651947,0.1320431381464004,-0.1467567086219787,0.1789755225181579,-0.1001781895756721,0.0197663623839616,0.2205315828323364,-0.0059971841983497,0.324603408575058,0.0785043090581893,-0.1930523514747619,0.1693137288093567,-0.1645102798938751,-0.1893555372953415,0.2451981902122497,0.1957572698593139,-0.0293324124068021,0.2427391856908798,0.1066030338406562,0.0990130454301834,-0.2269702851772308
heart-va,0.1220453307032585,-0.1099405959248542,-0.2174513190984726,0.2071694433689117,0.2677474617958069,-0.135111004114151,-0.1854278445243835,-0.1975907534360885,-0.0890792831778526,0.054814588278532,0.2341790497303009,0.1343773454427719,0.1379255205392837,-0.1197413206100463,0.226282462477684,-0.0458354614675045,0.0388528332114219,0.1928263008594513,-0.0265681613236665,0.3356938362121582,0.0683258548378944,-0.1627211719751358,0.1681127399206161,-0.164032831788063,-0.2167652696371078,0.2423087507486343,0.2235552370548248,-0.0502664111554622,0.296856015920639,0.1028140112757682,0.1079398915171623,-0.2049118429422378
ionosphere,0.0143274730071425,0.313660591840744,-0.1200354099273681,-0.2360576838254928,-0.0554949603974819,0.3199958801269531,0.1097135320305824,0.1585284918546676,0.111068494617939,0.2963682413101196,-0.2902536392211914,-0.0547145567834377,-0.0728206112980842,0.2029966861009597,-0.0313547626137733,-0.1644757837057113,-0.1093704923987388,-0.089783027768135,-0.0684530511498451,-0.1301273107528686,-0.1778587996959686,0.3292570114135742,0.0309900417923927,0.1068425476551055,0.1195663586258888,-0.2140365689992904,-0.1785190552473068,-0.2595096528530121,-0.1561496406793594,-0.0436218380928039,0.1080245673656463,0.1879869848489761
letter,0.2202661633491516,-0.1388949900865554,-0.2902331352233886,0.3166636824607849,0.2288027554750442,-0.0976913049817085,-0.0228854641318321,-0.0672408267855644,-0.2922603487968445,0.0703077763319015,0.2194288522005081,0.1324556618928909,0.2284347414970398,-0.1534618735313415,0.1341329514980316,-0.190538614988327,-0.0231878794729709,0.1909290701150894,0.0452379807829856,0.2199624329805374,0.024047365412116,-0.3116015493869781,0.15416020154953,-0.1256598830223083,-0.1292771697044372,0.1511255502700805,0.2117676585912704,0.0151677392423152,0.1460028439760208,0.0623134225606918,0.0057225977070629,-0.2452494800090789
musk-1,-0.2167595326900482,0.2774851620197296,0.1469296216964721,-0.2835115492343902,-0.1124336123466491,0.112114317715168,-0.0741076171398162,-0.0313041619956493,0.3526247441768646,0.1274169236421585,-0.1708520948886871,-0.0660784840583801,-0.2447344809770584,0.1058870628476142,0.0344650633633136,0.0738369300961494,-0.0200284700840711,-0.2052032351493835,-0.2182759791612625,-0.1100632473826408,0.0364542566239833,0.4543749690055847,-0.116134338080883,-0.0136638348922133,0.0601550005376338,-0.1377185136079788,-0.1730726510286331,-0.1549525707960128,-0.0615935251116752,0.0667857453227043,0.0989376902580261,0.2686353921890259
page-blocks,0.1361673921346664,-0.1808354705572128,-0.2317813783884048,0.2536419034004211,0.1882908642292022,-0.1616659760475158,-0.149300217628479,-0.162098541855812,-0.1390483081340789,0.0388365052640438,0.3057244420051574,0.1061591058969497,0.0754625797271728,-0.1840392351150512,0.1504678577184677,-0.0603468604385852,0.0432850457727909,0.2220019102096557,-0.0078013688325881,0.3391983807086944,0.1183063089847564,-0.1870199739933014,0.1472164392471313,-0.1642719805240631,-0.194923996925354,0.2902081906795501,0.1598606705665588,-0.0030786453280597,0.2230849862098693,0.123299553990364,0.0891240239143371,-0.2109919190406799
pittsburg-bridges-MATERIAL,0.0655411183834075,0.0514450520277023,-0.1554959118366241,0.1832541823387146,0.396610289812088,-0.0699954479932785,-0.1667402982711792,-0.2287250906229019,-0.0692541450262069,0.0826968252658844,0.0090501932427287,0.1480536311864853,0.364324539899826,-0.0408634208142757,0.3456031680107116,-0.0831538960337638,-0.0604600198566913,-0.0371699295938015,-0.0234427750110626,0.1277884244918823,-0.1065544188022613,-0.2136444598436355,0.0989954397082328,-0.1062056124210357,-0.2297544777393341,-0.0398196727037429,0.3869559466838836,-0.0929149761795997,0.2445259988307953,-0.0545347705483436,-0.0388319678604602,-0.1468858122825622
pittsburg-bridges-SPAN,0.0582303404808044,0.067946471273899,-0.1644823551177978,0.1578701436519622,0.3982686102390289,-0.0657430961728096,-0.1957269012928009,-0.2438435852527618,-0.0294814929366111,0.1039084419608116,0.0231220759451389,0.1544085144996643,0.3237911462783813,-0.0311732776463031,0.3621838092803955,-0.0721501782536506,-0.0457393750548362,-0.0143739329650998,-0.0550406239926815,0.1706181019544601,-0.0830692648887634,-0.1577294468879699,0.1166605874896049,-0.1268087327480316,-0.2373169958591461,-0.0041770441457629,0.3673603236675262,-0.1207643300294876,0.2828036546707153,-0.0172145888209342,0.0104356491938233,-0.1374876052141189
pittsburg-bridges-TYPE,-0.0627373233437538,-0.261158674955368,0.0521515160799026,0.1584856510162353,-0.3525446653366089,-0.1430728435516357,0.1279545575380325,0.0908807590603828,-0.1421573162078857,-0.0946282297372818,0.2589784264564514,-0.1225441768765449,-0.2498882114887237,-0.2816043496131897,-0.287346601486206,-0.0063017043285071,0.0295129213482141,-0.0261930637061595,0.0310032423585653,-0.0899084135890007,0.2005123198032379,-0.093081496655941,-0.1744619011878967,0.0220650155097246,0.1026154905557632,0.1044396162033081,-0.2557836472988128,0.217334896326065,-0.3558529913425445,0.0742883309721946,-0.1818103194236755,0.0730267837643623
ringnorm,-0.2540936172008514,0.0575220398604869,0.355267733335495,0.0346623733639717,-0.0155708733946084,-0.1762109547853469,0.1333497017621994,0.0151834776625037,-0.032446701079607,-0.2679517865180969,-0.1639635264873504,0.0200615283101797,0.1912659257650375,0.1404894292354583,-0.0502143688499927,0.2327252477407455,0.045103084295988,-0.1652035266160965,0.2043091207742691,-0.256850391626358,-0.1106744036078453,-0.2466816306114196,-0.1873576939105987,0.2475950717926025,0.192908763885498,-0.1517438888549804,0.0204227548092603,0.1062754392623901,-0.0174078680574893,-0.2600869834423065,-0.2632477581501007,0.1628460139036178
seeds,-0.0046780654229223,0.1367544084787368,-0.0501740016043186,0.2006016969680786,0.3419051170349121,-0.0511197969317436,-0.0328802838921546,-0.1413761377334594,-0.1233452036976814,0.0478712692856788,-0.1285273283720016,0.1264427304267883,0.4491738080978393,0.0050202282145619,0.2947132587432861,-0.10482969135046,-0.12148167937994,-0.1942154616117477,0.018311409279704,-0.1058665513992309,-0.1801249384880066,-0.2747929096221924,-0.0152304759249091,-0.0125808184966444,-0.105074755847454,-0.2343190610408783,0.3663123548030853,-0.0506777688860893,0.0920043438673019,-0.1581394374370575,-0.1932935118675232,-0.0489463880658149
semeion,0.1658723950386047,-0.2363418042659759,-0.1845640689134597,0.3334255218505859,-0.1384658515453338,-0.0856148898601532,0.2123686671257019,0.1483367681503296,-0.3985590040683746,0.0043186680413782,0.2422987073659896,-0.0143473036587238,0.0251055210828781,-0.26312255859375,-0.193882554769516,-0.2320018112659454,-0.053409956395626,0.0879821181297302,0.0998137593269348,-0.0414127893745899,0.0951796993613243,-0.3120341897010803,-0.0349349193274974,-0.0181534979492425,0.080420859158039,0.059420146048069,-0.0737768560647964,0.1830809861421585,-0.2740955650806427,0.0433473736047744,-0.1730294525623321,-0.1121237948536872
soybean,0.2370398938655853,-0.2087398171424865,-0.2839249968528747,0.3684742748737335,0.0464181266725063,-0.0897052511572837,0.1222814470529556,0.0659120678901672,-0.403186172246933,0.0506852157413959,0.2561096847057342,0.0641014352440834,0.1404684633016586,-0.2289731800556183,-0.0459269993007183,-0.2545921802520752,-0.050674945116043,0.1726841032505035,0.088991679251194,0.1016565933823585,0.0641940832138061,-0.3485577702522278,0.0755435824394226,-0.080050989985466,-0.0188009534031152,0.1195868626236915,0.0687930434942245,0.108677290380001,-0.079471118748188,0.0582378096878528,-0.0830451324582099,-0.2103977352380752
spectf,0.0191659219563007,0.1883341670036316,-0.1746755093336105,-0.0262883864343166,0.282970130443573,0.0127313202247023,-0.2446324676275253,-0.2129211127758026,0.1751118302345276,0.2178681492805481,0.0369008891284465,0.123355396091938,0.0256968177855014,0.0308364741504192,0.3214765191078186,-0.0494041740894317,-0.0097339339554309,0.0676667317748069,-0.2033018469810485,0.279843807220459,0.0426213108003139,0.2091132849454879,0.1423792392015457,-0.1955496817827224,-0.184549868106842,0.1018485128879547,0.1533969342708587,-0.2390073835849762,0.3272873759269714,0.1440684497356414,0.2499898821115493,-0.0401088893413543
tic-tac-toe,-0.1772724390029907,0.3184445798397064,0.0620912425220012,-0.2578346729278564,-0.0008864976116456,0.1123111173510551,-0.1391739845275879,-0.0910679548978805,0.3631297945976257,0.1956364065408706,-0.1461982578039169,-0.0149707654491066,-0.2015432119369506,0.1077843829989433,0.1388500481843948,0.0347759798169136,-0.0281914714723825,-0.1591719835996627,-0.2623989880084991,-0.0090271681547164,0.0415489040315151,0.4732871055603027,-0.0526341125369071,-0.0785904079675674,-0.0036299284547567,-0.0974593386054039,-0.1009262576699256,-0.2218360304832458,0.0507701858878135,0.1066743656992912,0.1728613525629043,0.2227316200733184
wine-quality-white,0.1653937399387359,-0.2764902412891388,-0.212675079703331,0.3613913953304291,-0.0861730352044105,-0.1387647986412048,0.1278702318668365,0.0699103027582168,-0.3706113696098327,0.0030230667907744,0.3216751515865326,0.0096127716824412,0.0144798383116722,-0.2987372577190399,-0.1336360275745391,-0.1975964456796646,-0.0218532718718051,0.1398947238922119,0.0790632665157318,0.072245217859745,0.1374218165874481,-0.3158541619777679,0.0017461023526266,-0.0659269616007804,0.0079940017312765,0.1577177345752716,-0.0336525030434131,0.1671369820833206,-0.1780775934457779,0.083438716828823,-0.1256613731384277,-0.1488998830318451
balance-scale,0.0589190535247325,0.1106641963124275,-0.1725628077983856,-0.0231621284037828,-0.1340437531471252,-0.2420827448368072,0.0270866975188255,0.2467699497938156,-0.2981051206588745,0.1796302646398544,-0.2920617759227752,-0.1962257772684097,0.1581225991249084,-0.1338710039854049,0.3292671144008636,-0.2288672626018524,-0.1301601231098175,0.0637579783797264,0.3539421856403351,-0.0551313310861587,-0.0331063233315944,-0.0153366411104798,-0.0202313475310802,0.136254996061325,-0.1035996302962303,0.2854982912540436,0.0775443539023399,-0.2044197171926498,-0.0841122642159462,-0.1230398714542388,0.0116238109767436,0.1873186826705932
breast-cancer,-0.1410201340913772,-0.4443108141422272,0.0403004884719848,0.0119877671822905,-0.4142235815525055,-0.1093353256583213,0.199769839644432,-0.0250036511570215,0.0362948104739189,0.0395961068570613,0.2198010087013244,0.2425241321325302,0.0030173221603035,0.2799841165542602,0.1137198731303215,0.0839151069521904,-0.1322617828845977,-0.0017719372408464,0.060416005551815,-0.3107542693614959,0.06271443516016,0.2051520645618438,0.2135179042816162,0.0223827175796031,0.0038877238985151,0.1410084813833236,0.1601608544588089,0.1488890796899795,-0.0287106372416019,0.1493535190820694,-0.1932028383016586,-0.1023380830883979
cardiotocography-10clases,0.1647476106882095,-0.0784031599760055,0.0565173998475074,-0.0201556850224733,0.3229311406612396,0.1210592463612556,0.090651735663414,-0.2567519843578338,0.1692651063203811,0.0578812211751937,-0.0666414126753807,0.1988861113786697,-0.0089137554168701,-0.0738840773701667,-0.2727624773979187,0.0476486757397651,0.257140576839447,0.0466619580984115,-0.1225771978497505,0.5129604935646057,0.1568793207406997,0.0157834142446517,0.133155956864357,0.0262302123010158,-0.2843476235866546,-0.2680694460868835,0.0074439416639506,0.0290673803538084,0.1427100151777267,-0.1361081600189209,0.1719997972249984,0.0020180779974907
cardiotocography-3clases,0.2642432749271393,0.0583312511444091,0.0156080117449164,-0.1596875637769699,-0.0380695611238479,-0.0166829004883766,-0.1157575547695159,0.0624766536056995,-0.0177352353930473,-0.0244816057384014,0.1487614661455154,-0.0402199774980545,0.0096110962331295,-0.0509224645793437,0.3039519488811493,-0.084428459405899,-0.0380330830812454,-0.0621810592710971,0.031945202499628,-0.3105596005916595,0.0998566746711731,0.1449789851903915,-0.2447111159563064,-0.4799050688743591,-0.0037111556157469,0.2880262732505798,0.2320987284183502,0.1367841213941574,-0.1986240893602371,0.3378356099128723,-0.1362527012825012,0.0589169263839721
contrac,-0.1659063249826431,-0.257978618144989,-0.1295003890991211,0.0610972605645656,-0.4028107225894928,-0.2775940597057342,0.212168276309967,0.1829319447278976,-0.2210294902324676,0.1441605389118194,-0.1258558630943298,0.0183325428515672,0.1008204817771911,0.1246965825557708,0.2203196734189987,-0.0578868016600608,-0.1737904697656631,0.0669808462262153,0.3153537213802337,-0.1879695653915405,-0.0429927036166191,0.0510043054819107,0.2222748845815658,0.2985024750232696,-0.040677860379219,0.2244694381952285,0.0928604677319526,-0.0962977334856987,-0.0148089434951543,-0.1253283023834228,-0.0557682737708091,0.052942618727684
echocardiogram,-0.2286958396434784,-0.3178845047950744,-0.0675791651010513,0.0494770668447017,-0.3859550356864929,-0.2129349112510681,0.2238166779279709,0.056911326944828,-0.1176384091377258,0.1970983892679214,-0.0779753029346466,0.1233511567115783,0.1230738386511802,0.1742632240056991,0.1332829296588897,-0.0515288040041923,-0.1864173412322998,0.0916523039340972,0.2348212450742721,-0.043725486844778,-0.0089152110740542,0.1279529184103012,0.3097560703754425,0.4112504422664642,-0.1235522925853729,0.1038791164755821,0.012931115925312,-0.0916531682014465,0.0440745651721954,-0.1548311412334442,-0.0972620993852615,-0.0187152419239282
energy-y2,-0.0980362743139267,-0.0175520330667495,-0.2034555375576019,0.0300011541694402,-0.211872786283493,-0.283259242773056,0.1070920825004577,0.2400358319282531,-0.2995701730251312,0.1489259898662567,-0.3081676363945007,-0.1295731216669082,0.1203361898660659,-0.0506890378892421,0.2109107822179794,-0.1214917600154876,-0.1495232582092285,0.0679104253649711,0.3445383906364441,-0.0262247808277606,-0.1051720604300499,-0.0507420189678669,0.0945471450686454,0.3431552350521087,-0.0865518376231193,0.1912569254636764,0.0054919142276048,-0.2168463319540023,-0.0318397283554077,-0.2316753715276718,0.0489205718040466,0.1367693692445755
haberman-survival,-0.1624084711074829,-0.2710086107254028,0.2418890446424484,0.2861634492874145,-0.202336385846138,-0.0057202652096748,-0.1541984379291534,0.0368486791849136,0.2122018784284591,0.1048518344759941,0.2179319411516189,0.1253365725278854,-0.1203211694955825,0.0015984245110303,-0.2220593392848968,0.1320471465587616,-0.3193210065364837,-0.1460812985897064,-0.1928824186325073,-0.3026096522808075,-0.0077089937403798,-0.0020767997484654,-0.0663762092590332,0.0950228795409202,-0.004488400183618,-0.0583375990390777,-0.0027242347132414,0.2459514439105987,-0.207963541150093,0.2120632976293563,-0.2657962441444397,0.0696105360984802
heart-cleveland,0.4046611785888672,0.1586882770061493,0.0704192519187927,0.0725966170430183,0.3808047771453857,0.1516451388597488,-0.0308441054075956,-0.0051468983292579,0.0939309224486351,0.0170554872602224,-0.0999502837657928,-0.0744154900312423,0.0362847335636615,-0.1749505698680877,0.030298177152872,-0.1279250830411911,0.3822300136089325,0.02664265781641,0.0127539113163948,0.2086042314767837,0.2378198504447937,-0.1358851194381714,-0.0488648861646652,-0.4078167080879211,-0.1153400838375091,0.0893928036093711,0.1781154125928878,0.0469460636377334,0.1066751778125763,0.0209215860813856,0.1916284561157226,0.1415191143751144
heart-switzerland,0.122974120080471,-0.044719997793436,0.0020421871449798,0.0006381577695719,0.3579424917697906,0.1531675457954406,0.2063922584056854,-0.1720143258571624,0.1566949635744094,-0.0333367176353931,-0.1584257036447525,0.1475979387760162,0.0329066663980484,-0.008229561150074,-0.1799196749925613,-0.0084897838532924,0.4380025267601013,0.0214869789779186,-0.0061955228447914,0.4130366742610931,0.1259452402591705,-0.1254008412361145,0.1886362135410308,-0.0508962124586105,-0.122297927737236,-0.1525393724441528,-0.0476947240531444,-0.0827051401138305,0.2558181285858154,-0.1661703586578369,0.2766889035701751,-0.0574570000171661
horse-colic,-0.0870621353387832,-0.0508742816746234,0.0208286885172128,0.1941028088331222,-0.0217767562717199,-0.08115004748106,-0.2293825298547744,0.1760154068470001,0.034694530069828,-0.1523876637220382,0.0401296727359294,-0.0268333852291107,-0.2234676778316497,-0.1166857555508613,-0.286713033914566,0.2638125419616699,-0.2063957005739212,-0.2253872007131576,-0.1942052394151687,-0.3205613493919372,-0.2141244262456894,-0.2420948147773742,-0.3399175405502319,0.0525997355580329,0.0974779427051544,-0.0461618416011333,-0.0838343650102615,0.1443997323513031,-0.2968469262123108,0.0905737876892089,0.0075542675331234,0.1625399589538574
ilpd-indian-liver,-0.2721024453639984,-0.1867550909519195,-0.1075883358716964,-0.0369284749031066,-0.3219089210033417,-0.2230705469846725,0.1576104015111923,-0.0033738932106643,-0.1637193113565445,0.1690401136875152,-0.1385111361742019,0.0870263874530792,0.1274184733629226,0.1407636255025863,0.1399622857570648,-0.0572449043393135,-0.2311154454946518,0.088551215827465,0.1690251529216766,0.0647025927901268,-0.067915454506874,0.1528051793575287,0.2742621898651123,0.4949735701084137,-0.1553416848182678,0.078001357614994,-0.0755288153886795,-0.1573206633329391,0.0671220943331718,-0.2027314007282257,-0.0997881293296814,-0.0206634979695081
led-display,0.3007829785346985,-0.0078397402539849,0.0885503739118576,-0.0011479269014671,0.3416457772254944,0.1048271879553794,-0.0538401901721954,-0.2018782645463943,0.1513098925352096,0.1087419241666793,-0.0304651744663715,0.1256403774023056,-0.0246826577931642,-0.1781069040298462,-0.2335778921842575,0.0303230173885822,0.1848469525575637,0.0593452043831348,-0.1453301757574081,0.4910553693771362,0.2027799040079116,0.045838002115488,0.0076160030439496,-0.074205532670021,-0.3638664782047272,-0.2262809723615646,0.1012648567557334,0.1165940761566162,0.0384676307439804,-0.0738768950104713,0.1291927844285965,0.1058686673641204
lung-cancer,-0.1717328578233719,-0.1633625328540802,-0.1551920175552368,0.0824320912361145,-0.329517662525177,-0.2763463854789734,0.1945504695177078,0.1999284029006958,-0.2586796879768371,0.1509528011083603,-0.2179194539785385,-0.0465229712426662,0.1114268526434898,0.0656648501753807,0.1874251812696457,-0.0844776928424835,-0.1532469689846038,0.0798100978136062,0.3288087546825409,-0.0951880142092704,-0.0728466808795929,-0.0150951687246561,0.2144231051206588,0.3682474792003631,-0.0382885113358497,0.1885400712490081,0.0409499704837799,-0.1651310175657272,0.0149360531941056,-0.2105949968099594,0.0009720735251903,0.0845091864466667
monks-2,-0.1476486772298813,-0.2388210147619247,0.3138175904750824,0.2523429989814758,-0.1873677670955658,0.0948598161339759,-0.0654497593641281,-0.0726396143436431,0.2715797126293182,0.3468701839447021,0.201211929321289,0.1170956790447235,0.0577555447816848,0.0284927487373352,-0.0807335451245307,-0.0849724486470222,-0.2620915174484253,0.0566480346024036,-0.0534811876714229,0.0273903999477624,0.1710479259490966,0.1920128315687179,0.2305762767791748,0.1904033720493316,-0.1485520303249359,-0.1410099267959594,0.0008035530918277,0.1703346520662307,0.0170097332447767,0.1085629761219024,-0.3490007221698761,-0.0572999790310859
mushroom,-0.1635759621858596,-0.4369664788246155,-0.0034107172396034,0.0268091596662998,-0.4471469223499298,-0.1624523252248764,0.2184396535158157,0.031309075653553,-0.0271420907229185,0.0513963401317596,0.1571303457021713,0.2043155133724212,0.0157026387751102,0.2689251899719238,0.141931802034378,0.0720297470688819,-0.1492149233818054,0.0104445945471525,0.1235554292798042,-0.3193399608135223,0.0315977334976196,0.1738535761833191,0.2276814728975296,0.0875818133354187,0.0070276563055813,0.1712346076965332,0.156358391046524,0.1071833595633506,-0.0294613149017095,0.0938675478100776,-0.1670732349157333,-0.0747117325663566
optical,-0.0430166460573673,0.4597484171390533,-0.0667701661586761,-0.4146199822425842,0.1391296088695526,0.0013739675050601,-0.2938960790634155,-0.2554938197135925,-0.1461410224437713,-0.1993321478366851,0.081357218325138,-0.1214345172047615,-0.0705324858427047,-0.0401796288788318,0.0762083753943443,0.053398497402668,-0.1637529581785202,0.0080126710236072,-0.3395297527313232,0.1903149038553238,-0.1627201437950134,0.2079823911190033,-0.2234011441469192,0.0061775101348757,0.0076638720929622,-0.071889117360115,-0.1699849665164947,-0.0282948147505521,-0.0033762608654797,0.0096302973106503,-0.0781849473714828,-0.0499841421842575
parkinsons,-0.2253137677907943,-0.2066868543624878,-0.1119347736239433,0.048965185880661,-0.3320456445217132,-0.2365902960300445,0.1972326338291168,0.0922919735312461,-0.1875810325145721,0.1932612955570221,-0.175053521990776,0.0394234023988246,0.1344256699085235,0.1116062328219413,0.1460679769515991,-0.084558717906475,-0.1832199245691299,0.0987070873379707,0.2623429298400879,0.0094043435528874,-0.0481797233223915,0.0709358155727386,0.2796185314655304,0.4566625952720642,-0.1131613925099372,0.1128212213516235,-0.0196714121848344,-0.1622811406850814,0.055564098060131,-0.2221103310585022,-0.0504659675061702,0.0257665384560823
pittsburg-bridges-REL-L,0.3176144957542419,0.2033618837594986,0.0718543380498886,0.0692088082432746,0.2707449495792389,0.1684932112693786,0.0806909725069999,0.0202299375087022,0.0311729442328214,-0.0357218384742736,-0.0648874416947364,-0.1381235122680664,0.0750983506441116,-0.0681356340646743,0.1489351987838745,-0.2123985290527343,0.4167657792568207,0.0321872606873512,0.0885697901248931,0.0209157038480043,0.2136109918355941,-0.1693405508995056,0.0158754866570234,-0.4742760360240936,0.1379090845584869,0.1935464888811111,0.1752928346395492,-0.0308868438005447,0.1742155849933624,0.0542536787688732,0.1631158143281936,0.074270024895668
plant-texture,0.2655737102031708,-0.0356150902807712,0.0924526005983352,-0.0082530211657285,0.3306745886802673,0.1136311143636703,-0.0149078061804175,-0.2374318838119506,0.1644421517848968,0.1049305349588394,-0.0266885012388229,0.1590091288089752,-0.0188257787376642,-0.1465765237808227,-0.2459298968315124,0.0318594202399253,0.1924152672290802,0.0557593517005443,-0.1530466824769973,0.5011691451072693,0.2028588354587555,0.0576290823519229,0.0474940836429595,-0.0506285801529884,-0.3512215316295624,-0.2400073707103729,0.0856152027845382,0.1016059815883636,0.0653378665447235,-0.0763848051428794,0.121090292930603,0.0771399959921836
statlog-landsat,-0.1095734164118766,-0.1384291797876358,-0.0425199307501316,-0.0358571521937847,0.1982999145984649,0.1014540940523147,0.299047589302063,-0.2023461014032364,0.1215225756168365,-0.0715356841683387,-0.1367984861135482,0.210131749510765,0.0222448222339153,0.115675501525402,-0.2205966562032699,0.0540129803121089,0.3283443748950958,0.0078226644545793,-0.0024791269097477,0.3461150228977203,0.0057035186327993,-0.0925970003008842,0.2776077091693878,0.1649290174245834,-0.0229287333786487,-0.2171784788370132,-0.1643964499235153,-0.1478208899497985,0.2729528844356537,-0.2142790853977203,0.2290374934673309,-0.1659647524356842
statlog-shuttle,-0.3024882376194,0.2054105997085571,-0.1515041589736938,-0.3462619185447693,-0.1042391285300254,-0.1599746197462082,-0.1019246578216552,-0.248054951429367,-0.2133092284202575,-0.1038306206464767,-0.0857060626149177,0.0110555626451969,0.0190074183046817,0.0961606055498123,0.1654005050659179,0.0350889004766941,-0.3025704324245453,-0.0161132384091615,-0.205508679151535,0.1435239762067794,-0.2062920033931732,0.2578217685222626,0.0278574042022228,0.3487551212310791,-0.0820893347263336,0.0632410869002342,-0.2088451087474823,-0.1628858894109726,0.0765029564499855,-0.0727350115776062,-0.1725034266710281,-0.072595901787281
adult,-0.1130512729287147,-0.0562720783054828,0.0097501249983906,0.0761004462838172,0.0421976447105407,0.0889460816979408,-0.0333029590547084,-0.1338724344968795,0.12518410384655,0.1056901738047599,0.0882188826799392,0.0720562115311622,-0.1251480132341385,0.4900676906108856,-0.3308542668819427,0.1587714850902557,-0.1464976668357849,-0.0440110825002193,0.1361159086227417,0.1227135583758354,-0.1463952809572219,0.1769735813140869,-0.2146585881710052,-0.185794860124588,0.1225862056016922,-0.0090495618060231,0.0930028483271598,-0.1505758613348007,-0.2852709889411926,0.22566719353199,0.3672326207160949,0.1232686638832092
bank,-0.1090078130364418,0.0411864072084426,0.2346174120903015,0.2072739899158477,-0.0919223427772522,-0.1141459196805954,0.2142698913812637,-0.3161715269088745,0.2416495084762573,-0.0184422731399536,0.2276717573404312,0.2116846889257431,-0.1217296421527862,-0.119454450905323,0.1213099360466003,0.0157861616462469,-0.3435953557491302,-0.060737520456314,-0.2194309383630752,-0.2196652442216873,-0.0895153954625129,-0.0811958014965057,-0.2020107358694076,-0.0271340403705835,-0.1858565807342529,-0.0913000926375389,0.0155286584049463,0.3122603893280029,-0.1977485567331314,-0.1904633939266204,0.1654881238937378,-0.0627118125557899
blood,-0.0955812856554985,-0.0365528203547,0.1976989358663559,0.1424929648637771,-0.0723377987742424,-0.1707870960235595,0.2068557441234588,-0.278567761182785,0.1911387145519256,-0.0832822099328041,0.1660662591457367,0.1694400012493133,-0.0375768989324569,-0.2413660436868667,0.2617580890655517,-0.0088593307882547,-0.3230583071708679,-0.0285714361816644,-0.2261585742235183,-0.2589907348155975,-0.0520378500223159,-0.1217184588313102,-0.0737644881010055,0.0284676812589168,-0.2134418338537216,-0.1354992985725402,-0.0364795364439487,0.3362643718719482,-0.1553219407796859,-0.2718410491943359,0.09443099796772,-0.1219920068979263
breast-tissue,0.263580322265625,0.121353268623352,-0.1526914089918136,-0.0606258362531662,0.3246814608573913,-0.2878268659114837,0.127600684762001,-0.0351795069873333,-0.045566014945507,0.0870865583419799,-0.0047254241071641,0.0212299916893243,0.1154812574386596,-0.2424739599227905,0.1340204030275344,-0.0847738981246948,0.2960129380226135,0.1451956927776336,0.1526970565319061,-0.2681067585945129,0.2125823944807052,0.0962259992957115,0.1899317800998687,-0.0335122570395469,-0.0289661213755607,-0.0972514301538467,0.0667877793312072,0.2505160868167877,0.4110843539237976,-0.077048122882843,-0.1616945564746856,0.0384335480630397
chess-krvk,-0.0024108381476253,0.1801880449056625,-0.0178670529276132,0.0416174791753292,-0.0565849989652633,0.1260983049869537,-0.1436499953269958,0.30147385597229,-0.0651894211769104,-0.0095977010205388,-0.0205486081540584,-0.0398150570690631,0.1249907612800598,-0.2227473258972168,0.1018459126353263,0.0456811711192131,0.3710622489452362,-0.1064220964908599,-0.0765553265810012,-0.00842119846493,-0.1604547649621963,-0.3000480532646179,0.1414406597614288,0.318049818277359,-0.2694578766822815,-0.0034405929036438,-0.1335476338863372,-0.1999648362398147,0.2931609153747558,-0.2686402499675751,-0.135761097073555,-0.2279048413038253
congressional-voting,-0.2074174135923385,-0.2938511371612549,0.0669243261218071,0.0453874319791793,-0.1363433897495269,-0.1323425322771072,0.0637063011527061,-0.1367840617895126,0.106537327170372,-0.0663168579339981,0.0882914140820503,0.0492562688887119,0.1562554389238357,-0.2948942482471466,0.3698194026947021,-0.1290647536516189,-0.3956162333488464,0.0204504635185003,-0.1549865752458572,-0.1256785988807678,-0.0575090944766998,-0.0923341587185859,0.0344105958938598,0.1245043650269508,-0.111624576151371,-0.0870289131999015,0.0976881608366966,0.2875934541225433,-0.2747183442115783,-0.2548770010471344,-0.0235489606857299,-0.1894921213388443
cylinder-bands,-0.0558573305606842,-0.2165623605251312,0.1136651262640953,0.0091591095551848,-0.215998113155365,0.0489156022667884,0.042775671929121,-0.0792114734649658,-0.1145219355821609,-0.0283655188977718,0.0305231548845767,-0.0654694810509681,0.124453067779541,-0.3659890294075012,0.2987426817417145,-0.3959011137485504,-0.3621135652065277,-0.1350521594285965,-0.1482961773872375,0.105880506336689,-0.0070738606154918,-0.0461665801703929,0.016790434718132,-0.000161921052495,0.0572769381105899,0.128942921757698,0.0943445786833763,0.3433915078639984,-0.2083411663770675,-0.0689250156283378,-0.2906485497951507,-0.029592977836728
dermatology,0.2226916849613189,0.1195429489016532,-0.1711172759532928,-0.029158653691411,0.331660121679306,-0.3266644477844238,0.1515179723501205,-0.0950378254055976,0.0388629399240016,0.1492597162723541,0.0498202107846736,0.0634422898292541,0.0787570923566818,-0.1663433164358139,0.0659682154655456,-0.0556891597807407,0.2326653152704239,0.2129140794277191,0.1794555187225341,-0.296411395072937,0.2413172870874405,0.1787134706974029,0.0946206077933311,-0.0671868696808815,0.0166449155658483,-0.0924803093075752,0.1843345016241073,0.2842152118682861,0.3501770794391632,-0.0205133892595767,-0.0996895581483841,0.0769921243190765
energy-y1,-0.0232715792953968,-0.2801750302314758,-0.0748563036322593,-0.1866463422775268,0.1229569911956787,0.0749751478433609,-0.1412464529275894,0.048013936728239,-0.1597764045000076,-0.2082797884941101,-0.2199984192848205,-0.1382754892110824,0.0858025476336479,0.32630655169487,-0.013663881458342,0.2203572392463684,0.0619797967374324,-0.1000086292624473,0.1609088033437729,0.1506078094244003,-0.1551361382007599,-0.0055620335042476,0.2720527350902557,-0.0648383274674415,0.0308235120028257,-0.1758361756801605,-0.3512434661388397,-0.3433504998683929,-0.1527233719825744,0.0221763271838426,0.274685800075531,-0.03718838468194
heart-hungarian,-0.1890613883733749,-0.2387093007564544,0.1023860499262809,0.0696481168270111,-0.1294260025024414,-0.1442500650882721,0.0990493297576904,-0.1719685792922973,0.1308885067701339,-0.0779585018754005,0.1075868234038353,0.0790629684925079,0.1129848286509513,-0.2939480543136596,0.3582056164741516,-0.0979117006063461,-0.3872175812721252,0.0095395073294639,-0.1821285039186477,-0.1634325981140136,-0.0590085573494434,-0.108882762491703,0.0112855210900306,0.1113321855664253,-0.1451016217470169,-0.1034264340996742,0.0611554197967052,0.3026783168315887,-0.252681016921997,-0.2727716565132141,0.0045582838356494,-0.1836980730295181
hill-valley,-0.2206080853939056,-0.2375177592039108,0.0767485722899437,0.0326236113905906,-0.1486230790615081,-0.1809602528810501,0.0998715758323669,-0.1496928036212921,0.1701479256153106,-0.1260694414377212,0.0706878080964088,0.0760149955749511,0.0841563269495964,-0.2706066071987152,0.3578459620475769,-0.0056736241094768,-0.3707224726676941,0.0968146324157714,-0.2110490798950195,-0.2018117308616638,-0.0053359046578407,-0.1078799739480018,0.0112897790968418,0.1478539258241653,-0.141326755285263,-0.1268568187952041,0.0431351028382778,0.2369221299886703,-0.2476672530174255,-0.2760275304317474,0.0292167384177446,-0.1963533610105514
iris,0.370487779378891,0.2044402658939361,0.1655286103487014,-0.0293481703847646,0.1228481605648994,-0.0244561601430177,0.2400035858154297,-0.2492076754570007,-0.1954990327358245,-0.058986559510231,-0.0341964922845363,-0.0085709448903799,-0.1896558105945587,-0.0847654789686203,-0.0379773415625095,-0.2096330672502517,0.0103427255526185,-0.1693741977214813,-0.0126405274495482,0.00266551412642,0.1698347479104995,0.1128369569778442,0.0047617726959288,-0.3650605380535126,0.1275608837604522,0.0730273723602294,-0.2094100415706634,0.3004277646541595,0.1738444417715072,0.1693459451198578,-0.1536770462989807,0.2893800437450409
mammographic,-0.0562584102153778,-0.2171168476343155,0.1134643405675888,0.0091574573889374,-0.2156902998685836,0.0481888726353645,0.042903047055006,-0.0794588029384613,-0.1140025556087493,-0.0285120736807584,0.0306482352316379,-0.0652008280158042,0.1248171254992485,-0.366157203912735,0.2993559837341308,-0.3954618573188782,-0.3624336421489715,-0.1345695555210113,-0.1482874602079391,0.1051325500011444,-0.0071190949529409,-0.0462617501616478,0.0170860905200243,0.0001839350006775,0.0568354949355125,0.1282678097486496,0.0944488197565078,0.3436065018177032,-0.2085883170366287,-0.0695868283510208,-0.290111243724823,-0.0301192160695791
pendigits,-0.0927155464887619,0.1383281648159027,-0.0690517202019691,0.0653034225106239,-0.051511887460947,0.1429005265235901,-0.2046207934617996,0.3337267935276031,0.0026283129118382,0.0481637604534626,0.0106538366526365,-0.0215630084276199,0.1471172571182251,-0.0971400886774063,0.02661650814116,0.1201773434877395,0.3678591847419739,-0.0715571641921997,-0.0227451603859663,0.0117178270593285,-0.2221777737140655,-0.2725987136363983,0.0961691588163375,0.3549777269363403,-0.2656932771205902,-0.0187724847346544,-0.0475111827254295,-0.2938731014728546,0.222169429063797,-0.2490113824605941,-0.0302209742367267,-0.2567369937896728
pima,-0.1693978011608123,-0.2477251142263412,0.1068000867962837,0.0591808371245861,-0.1454458087682724,-0.1207531541585922,0.0950575694441795,-0.1636314392089843,0.0897514298558235,-0.073361612856388,0.0966458320617675,0.0557622499763965,0.1238371431827545,-0.324876070022583,0.3686201274394989,-0.1592752337455749,-0.398249089717865,-0.0148312542587518,-0.1818586140871048,-0.1253432184457779,-0.0492819286882877,-0.1014957278966903,0.0187920499593019,0.0948959663510322,-0.1150270700454711,-0.0685023739933967,0.0688419267535209,0.3281140029430389,-0.2517598569393158,-0.2498824298381805,-0.0515243113040924,-0.1642232537269592
planning,-0.1422155797481537,-0.1318790018558502,0.1621550023555755,0.1068523973226547,-0.1152793988585472,-0.1528382450342178,0.1566208302974701,-0.2246534973382949,0.1572038382291793,-0.0940926671028137,0.1340749114751815,0.1223736926913261,0.0337113253772258,-0.2875432968139648,0.3243160247802734,-0.0544200651347637,-0.3573770821094513,-0.0169010385870933,-0.2222106754779815,-0.2133577615022659,-0.0562981143593788,-0.1316172182559967,-0.0281209349632263,0.0784102454781532,-0.1903348118066787,-0.1187675073742866,-0.0049876584671437,0.3228040933609009,-0.2012917250394821,-0.2863978445529938,0.0392821170389652,-0.1598897129297256
primary-tumor,0.150905966758728,0.1728221476078033,-0.1778487563133239,0.0250510536134243,0.2553234994411468,-0.2942874431610107,0.1067728996276855,-0.0085374293848872,0.0946721211075782,0.1966361850500106,0.0971086546778678,0.0832176357507705,0.1033095568418502,-0.2376375496387481,0.0773008465766906,-0.0487366952002048,0.2715671956539154,0.2334069609642028,0.1282595694065094,-0.30988809466362,0.2042725533246994,0.1058708503842353,0.0475575700402259,0.0628736019134521,-0.0534014254808425,-0.0608798079192638,0.2633733749389648,0.2501500844955444,0.3810864090919494,-0.0911597460508346,-0.1430290937423706,-0.0015256280312314
statlog-australian-credit,0.004457838833332,-0.1208866536617279,0.1790524274110794,0.0442117899656295,-0.1855802983045578,0.0100920898839831,0.1230401918292045,-0.1556128114461898,-0.0895473137497901,-0.0533577762544155,0.0599814765155315,-0.0153258042410016,0.0561237558722496,-0.3965658843517303,0.3024961352348327,-0.3708540797233581,-0.3485322892665863,-0.1597710102796554,-0.1941072642803192,0.0281406622380018,0.0071202563121914,-0.0705377459526062,-0.0041602309793233,-0.0407453589141368,0.0020366115495562,0.0980278477072715,0.0218348242342472,0.4085226953029632,-0.1501360237598419,-0.1036822199821472,-0.2660015225410461,-0.0101456716656684
statlog-image,0.2075337916612625,0.1349039822816848,-0.174715369939804,-0.0164886433631181,0.3149794638156891,-0.3199177086353302,0.1394187957048416,-0.0691468343138694,0.0503291822969913,0.1611183881759643,0.0604662485420703,0.0673823058605194,0.0889112651348114,-0.1910462081432342,0.0732004195451736,-0.0557436384260654,0.2494799792766571,0.2178618013858795,0.1669818609952926,-0.3020930886268616,0.2323199361562729,0.1570218652486801,0.0881400480866432,-0.0306156128644943,-0.0044932533055543,-0.0854999497532844,0.2025722116231918,0.2760816216468811,0.3656987249851227,-0.0428509451448917,-0.1153771802783012,0.0542635172605514
synthetic-control,0.2224759310483932,0.116041362285614,-0.1717234253883361,-0.0306741334497928,0.333473652601242,-0.3284605145454407,0.1527551114559173,-0.0989169105887413,0.0394789539277553,0.1484530717134475,0.0490693598985672,0.0634253844618797,0.0774230062961578,-0.161258652806282,0.0642663165926933,-0.054030917584896,0.2288506180047989,0.2145101130008697,0.1816604435443878,-0.2962387204170227,0.2428328245878219,0.1829339116811752,0.09407939016819,-0.0714442655444145,0.0201396066695451,-0.0938695147633552,0.1844392269849777,0.2847505807876587,0.3459110260009765,-0.0170843265950679,-0.0957680568099021,0.0797182768583297
vertebral-column-3clases,0.3820846378803253,0.1708830744028091,0.1507453620433807,-0.0554498210549354,0.1734018921852111,-0.0732785761356353,0.2523098886013031,-0.2663948237895965,-0.1959051042795181,-0.0958623513579368,-0.0572980158030986,-0.0067722117528319,-0.1707511842250824,-0.0806910395622253,0.0001481741055613,-0.170275330543518,0.0221745613962411,-0.1511423140764236,0.0035022478550672,-0.0408502109348773,0.1759822815656662,0.109010599553585,0.0619504041969776,-0.3685661852359772,0.1054181307554245,0.0150052197277545,-0.2596583366394043,0.2968785166740417,0.1842099279165268,0.1362870633602142,-0.114635482430458,0.2707287669181824
waveform,0.3722129464149475,0.2167547345161438,0.1724955290555954,-0.023431196808815,0.1249235719442367,-0.0352107174694538,0.2495712488889694,-0.2547560930252075,-0.1856187433004379,-0.0650289207696914,-0.0291405655443668,0.0006686596898362,-0.1943258941173553,-0.0980042219161987,-0.0280822217464447,-0.1995042562484741,0.014922079630196,-0.1663317531347274,-0.0240059401839971,-0.0172962993383407,0.1708125472068786,0.1010852232575416,0.005494219250977,-0.3573407530784607,0.1094546616077423,0.0629571005702018,-0.2192134708166122,0.3072246015071869,0.1849929541349411,0.1513208895921707,-0.1497904658317566,0.280754804611206
balloons,0.1474587768316269,-0.0219430048018693,0.1631977558135986,-0.0108447587117552,0.0245922822505235,-0.023487651720643,0.0800492987036705,-0.1440156996250152,-0.0271146353334188,0.0464208498597145,-0.1778170764446258,0.1425166875123977,-0.3648348748683929,-0.0372523218393325,0.0843724906444549,-0.1540482491254806,-0.0484158545732498,0.2353899776935577,-0.0782574713230133,0.0755170658230781,-0.1237240061163902,0.0166587512940168,-0.034881304949522,-0.2592948377132416,0.2562401294708252,-0.2745078504085541,-0.3376648426055908,-0.200455293059349,0.0057953684590756,-0.321551114320755,-0.1606576442718505,-0.3528290390968323
hayes-roth,-0.1971142590045929,-0.0935576632618904,-0.1859714835882187,-0.0733749121427536,0.0179127939045429,0.0227688960731029,0.2274901717901229,0.1429596096277237,-0.2496054321527481,-0.1133170276880264,0.0105514554306864,0.1236171796917915,0.3294889032840729,0.3343903124332428,0.0410974808037281,0.2405444234609604,-0.0631022229790687,0.0223290883004665,0.1938382685184478,-0.0702776238322258,-0.001272062305361,0.0559120811522007,0.2115064859390258,0.2278723567724228,-0.2960853278636932,0.1473962068557739,0.215635746717453,0.2353017628192901,0.0168590154498815,0.2841289937496185,0.0857901200652122,0.1500527560710907
image-segmentation,0.1976274996995926,0.0640020221471786,0.1240099370479583,0.2745744585990906,-0.1128056570887565,0.1743940114974975,-0.2989879250526428,-0.0063961846753954,0.3296962678432464,0.305396556854248,0.0278634242713451,-0.0636039078235626,-0.0182349979877471,-0.2609851062297821,-0.2498800158500671,-0.2732478976249695,0.2518357932567596,-0.262284517288208,0.0089261084794998,-0.163618579506874,-0.0680660158395767,-0.0874868556857109,-0.2283428013324737,-0.0190457552671432,0.0745098367333412,0.157633900642395,0.1336192339658737,-0.0555624179542064,0.0434528179466724,-0.0195876918733119,0.151626855134964,0.1438977569341659
libras,-0.1936514526605606,-0.1741614490747451,-0.0951452255249023,-0.1331131160259246,0.0478677228093147,-0.0550515986979007,0.3418726325035095,-0.0288883596658706,-0.3447040319442749,-0.1089334338903427,-0.0382260903716087,0.3285399079322815,-0.0175736006349325,0.3806642889976501,0.1225684955716133,0.1932740211486816,-0.2070708274841308,0.3345247209072113,0.0844030305743217,0.1089588850736618,-0.0218063406646251,0.0109250824898481,0.2489518076181411,0.0220898240804672,-0.0316345244646072,-0.1308858841657638,-0.106477677822113,0.0541467741131782,-0.0902302116155624,0.0369200073182582,-0.1059618964791297,-0.2338976114988327
magic,-0.0604844093322753,0.0785711929202079,-0.2284472584724426,-0.0924536660313606,-0.0629181563854217,-0.1840724647045135,-0.3277772068977356,0.1032333597540855,0.2161453664302826,-0.1884530633687973,0.3404648900032043,-0.4763982892036438,0.0129641378298401,-0.1992946565151214,-0.0806799381971359,-0.0077572455629706,0.0647772327065467,-0.1999993026256561,-0.1044270172715187,0.1985240280628204,0.2853320240974426,-0.0275858249515295,-0.2013038694858551,0.1127248182892799,0.17677041888237,-0.0616433136165142,0.0329340361058712,-0.0323670245707035,0.0401978455483913,-0.033355887979269,-0.0731714218854904,0.1635680198669433
molec-biol-promoter,-0.1799157857894897,-0.0760425478219986,-0.1896686553955078,-0.0607292167842388,0.0068656601943075,0.0316710509359836,0.2034441083669662,0.1611742824316024,-0.2254312932491302,-0.1046109125018119,0.0055308346636593,0.0962352976202964,0.3466487526893616,0.3138972222805023,0.0277770571410655,0.2232728451490402,-0.0364501699805259,-0.0126989018172025,0.2052444070577621,-0.0922487750649452,-0.0098900934681296,0.0635005608201026,0.1931746751070022,0.2371259480714798,-0.3074366450309753,0.1664803475141525,0.2351714968681335,0.2439943850040435,0.0404797680675983,0.2869561910629272,0.0976747795939445,0.1816591471433639
monks-3,0.1848314553499221,0.0476566404104232,0.1022027134895324,0.2775715589523315,-0.1173853948712349,0.18147674202919,-0.2916613519191742,0.0125690707936882,0.3244231641292572,0.2933496534824371,0.0415335856378078,-0.0726590976119041,0.0126522425562143,-0.241749957203865,-0.2561318576335907,-0.2631943225860595,0.2618818283081054,-0.2799497842788696,0.026028836145997,-0.1705967485904693,-0.0591560043394565,-0.0822707414627075,-0.2238300442695617,0.0044399159960448,0.0617278143763542,0.1661004722118377,0.1563191711902618,-0.0357261635363101,0.0498543716967105,0.0008482576231472,0.1644093841314315,0.169115200638771
musk-2,-0.2255040556192398,-0.1783744543790817,-0.112445518374443,-0.135226234793663,0.0610321164131164,-0.0463543459773063,0.3412029445171356,-0.011249509640038,-0.3510308861732483,-0.1250729709863662,-0.0076131648384034,0.3057346642017364,0.0626135692000389,0.3931642472743988,0.1194745078682899,0.240482673048973,-0.2097789496183395,0.2919988334178924,0.0904881879687309,0.0932448282837867,0.006848145276308,0.0078136082738637,0.2662287652492523,0.069932572543621,-0.0945377424359321,-0.0727219432592392,-0.0358446910977363,0.0933455377817154,-0.1048659086227417,0.1137930005788803,-0.0623805671930313,-0.1639748811721801
oocytes_merluccius_nucleus_4d,-0.0377232171595096,0.1007716506719589,-0.2036023736000061,-0.1001923009753227,-0.0473492220044136,-0.1832913011312484,-0.3403959274291992,0.0886254906654357,0.2338232547044754,-0.1725327223539352,0.3230984508991241,-0.4840028882026672,-0.0038388955872505,-0.2332255095243454,-0.0781523510813713,-0.0240615513175725,0.0684186890721321,-0.1999401748180389,-0.1174107193946838,0.1925080567598343,0.2763364911079407,-0.0328337289392948,-0.2048890441656112,0.094558410346508,0.1673176884651184,-0.0488182269036769,0.0263408087193965,-0.0488943792879581,0.0479566864669323,-0.0440161079168319,-0.0621113069355487,0.1666120737791061
oocytes_merluccius_states_2f,-0.2324496656656265,-0.1345907747745514,-0.1669169664382934,-0.1027570217847824,0.0457199066877365,-0.0016797774005681,0.2794292867183685,0.0881937518715858,-0.3009197413921356,-0.1302358657121658,0.0226986818015575,0.1899954229593277,0.2680636942386627,0.3718613088130951,0.0739634186029434,0.2738879919052124,-0.1299852430820465,0.113303005695343,0.1544359177350998,-0.0094024240970611,0.021014280617237,0.033317994326353,0.249100312590599,0.1921245902776718,-0.2517545223236084,0.0902151614427566,0.1535503268241882,0.200967937707901,-0.0459884367883205,0.2625063061714172,0.0500993095338344,0.0593456663191318
oocytes_trisopterus_states_5b,0.2324656546115875,0.196053996682167,0.1677504628896713,-0.1351867914199829,0.1191207841038703,-0.0998391956090927,-0.1816703826189041,-0.1430157572031021,0.2192311435937881,0.0322684869170188,-0.080358862876892,-0.224599078297615,-0.3407217562198639,-0.3712563514709472,0.0518220961093902,-0.22444649040699,0.047009453177452,0.0357477031648159,-0.1894638687372207,0.0905810222029686,0.0105605954304337,-0.0452655330300331,-0.1234410926699638,-0.2282694429159164,0.1406457871198654,-0.0973441898822784,-0.2338453084230423,-0.2511238753795624,0.1106737852096557,-0.2971553206443786,-0.0156981982290744,-0.0748771056532859
ozone,-0.0415559113025665,0.0970955342054367,-0.207859382033348,-0.098940335214138,-0.0499805249273777,-0.1835051625967025,-0.338434487581253,0.0911143645644187,0.2309655845165252,-0.1752796173095703,0.326155811548233,-0.4829470217227936,-0.0010238051181659,-0.2276429384946823,-0.0786113962531089,-0.0213392619043588,0.0678391754627227,-0.2000405341386795,-0.1152872741222381,0.1936036348342895,0.2779694199562073,-0.0319687947630882,-0.2043806761503219,0.0976465195417404,0.1689780056476593,-0.0509903244674205,0.0274579469114542,-0.0461459122598171,0.0466777235269546,-0.0422490127384662,-0.0639934837818145,0.1661771237850189
plant-shape,-0.1065188199281692,-0.0080747874453663,-0.1855582296848297,-0.012793879956007,-0.0322399139404296,0.0600048527121543,0.1077719330787658,0.2106724828481674,-0.1282818764448166,-0.0637738853693008,-0.0171968713402748,0.0018689353018999,0.3768330812454223,0.2216296344995498,-0.0197193156927824,0.146610677242279,0.055982582271099,-0.127933844923973,0.2292784303426742,-0.1618239879608154,-0.0424836948513984,0.0848098248243331,0.1167158931493759,0.2480090409517288,-0.3243112564086914,0.2205537408590316,0.2818154990673065,0.254762053489685,0.1177764385938644,0.2733543217182159,0.1289090514183044,0.2716320753097534
spect,-0.200962945818901,-0.1756761819124221,-0.0990793704986572,-0.1340415775775909,0.050770916044712,-0.053453117609024,0.34299436211586,-0.025341423228383,-0.3472853600978851,-0.1126779913902282,-0.0320262722671031,0.3250276148319244,-0.0010294845560565,0.3846568763256073,0.1223795339465141,0.2037647813558578,-0.208395168185234,0.326949805021286,0.0859746038913726,0.1061057895421981,-0.0159515906125307,0.0103208720684051,0.2534480988979339,0.032080765813589,-0.044780109077692,-0.119321122765541,-0.0922403186559677,0.0624654777348041,-0.0935942828655242,0.0529785305261611,-0.0973256900906562,-0.2202770859003067
statlog-vehicle,-0.2144534587860107,-0.1125280633568763,-0.1792273670434951,-0.0870478972792625,0.0304153710603714,0.0121901761740446,0.2524612843990326,0.1200466826558113,-0.2744711339473724,-0.121816486120224,0.0160287506878376,0.1539611369371414,0.3053403496742248,0.3538818061351776,0.0559814721345901,0.2574171125888824,-0.0931771248579025,0.0626878961920738,0.1781861782073974,-0.0440229885280132,0.0085658431053161,0.0464287512004375,0.2300270050764084,0.2141476273536682,-0.2792088985443115,0.1234881058335304,0.1901891976594925,0.222226083278656,-0.0106985289603471,0.2771599292755127,0.0708601176738739,0.111405998468399
teaching,-0.2329830080270767,-0.1780947595834732,-0.116593413054943,-0.1346950381994247,0.064397744834423,-0.0433904118835926,0.338090568780899,-0.0059450906701385,-0.3499004244804382,-0.1287702471017837,0.0014911547768861,0.2963892221450805,0.0857556760311126,0.3934967517852783,0.1175403967499733,0.25236776471138,-0.2087865620851516,0.2769477963447571,0.091512031853199,0.0878084599971771,0.0152505533769726,0.0068281954154372,0.2690560221672058,0.0834619104862213,-0.1123036071658134,-0.054926823824644,-0.0146825993433594,0.1041224896907806,-0.1082915514707565,0.1355192363262176,-0.0489794313907623,-0.1419279277324676
thyroid,-0.0757598206400871,0.0631619617342948,-0.2445188611745834,-0.0868410840630531,-0.0732868388295173,-0.1839219033718109,-0.3179689347743988,0.1127981469035148,0.2033058255910873,-0.1985956877470016,0.3510286211967468,-0.4694535136222839,0.0243584495037794,-0.1754497587680816,-0.0821020081639289,0.0033742552623152,0.0620573833584785,-0.1992979645729065,-0.0951983332633972,0.2018846869468689,0.2903998792171478,-0.0239098444581031,-0.1981161534786224,0.1246776133775711,0.1825521737337112,-0.0701484084129333,0.0373016186058521,-0.0209923833608627,0.0347652994096279,-0.025972943753004,-0.0804317444562912,0.1608885824680328
trains,0.2232515066862106,0.2258757650852203,0.1422480344772339,-0.1427181363105774,0.1210251674056053,-0.1092771887779235,-0.2484661787748336,-0.1203690469264984,0.264930248260498,0.0280576050281524,-0.0287355799227952,-0.3016107678413391,-0.2847540974617004,-0.4212486147880554,0.0223804991692304,-0.2113719284534454,0.0627650618553161,-0.0275521799921989,-0.1993933916091919,0.0908917933702468,0.0486988648772239,-0.0546906366944313,-0.1479212492704391,-0.1905211359262466,0.107272945344448,-0.0368663258850574,-0.1731642186641693,-0.2377317249774933,0.1131330206990242,-0.2463628351688385,0.0106927035376429,0.0016669546021148
vertebral-column-2clases,0.1522503644227981,-0.0156020140275359,0.1653720140457153,-0.0127964662387967,0.0261524487286806,-0.0250735282897949,0.0725349187850952,-0.1449492871761322,-0.019901530817151,0.0471008419990539,-0.1769993305206298,0.1334421038627624,-0.3680043518543243,-0.0476702004671096,0.0833149477839469,-0.1582240164279937,-0.0450726523995399,0.2308790832757949,-0.0821313485503196,0.0763642266392707,-0.1213885769248008,0.0148354368284344,-0.0392492860555648,-0.2612930238246918,0.2561567425727844,-0.2718920707702636,-0.3376718759536743,-0.2044957429170608,0.0085774511098861,-0.3240365087985992,-0.1585618108510971,-0.3489606082439422
waveform-noise,-0.2284886389970779,-0.1783483922481537,-0.1140949875116348,-0.1350835263729095,0.0623567067086696,-0.0452337116003036,0.3401601016521454,-0.0092110875993967,-0.3507561087608337,-0.1265546679496765,-0.0041090617887675,0.3022742569446563,0.0715578198432922,0.3934723734855652,0.1187840774655342,0.2451716065406799,-0.2094926536083221,0.2863339781761169,0.0909240618348121,0.0911931321024894,0.0100883897393941,0.0074375555850565,0.2674398720264435,0.0751769095659256,-0.1014254093170166,-0.0658995434641838,-0.0277082975953817,0.0975401103496551,-0.1062336564064025,0.1222153007984161,-0.0572462156414985,-0.1555562317371368
wine,-0.1787843257188797,-0.074898824095726,-0.1897956877946853,-0.0599302053451538,0.0061685559339821,0.0322149954736232,0.2019364684820175,0.1622367948293686,-0.2239203006029129,-0.1039861440658569,0.0051272455602884,0.0946374908089637,0.3475598990917206,0.3125678896903991,0.0269509200006723,0.2221285253763198,-0.0348238199949264,-0.0147880669683218,0.2058949321508407,-0.0935998558998107,-0.010487712919712,0.0639517456293106,0.1920021474361419,0.2375734001398086,-0.3080664873123169,0.1676308959722519,0.2362609803676605,0.2444470226764679,0.0419150590896606,0.2870153188705444,0.0983408987522125,0.1834724992513656
yeast,-0.1629489362239837,-0.1727326363325119,-0.0681719481945037,-0.1248842775821685,0.0466554388403892,-0.0547931343317031,0.3375037014484405,-0.047803271561861,-0.3296361863613128,-0.093747928738594,-0.0637809857726097,0.3364529907703399,-0.0706317946314811,0.3591777384281158,0.1283503770828247,0.1566576212644577,-0.2033098936080932,0.3537522256374359,0.0726253390312194,0.1108963713049888,-0.044151522219181,0.0167951565235853,0.2321477532386779,-0.0166731681674718,0.0129124717786908,-0.1705378890037536,-0.1539720296859741,0.0261698402464389,-0.081639364361763,-0.0174152981489896,-0.1263026446104049,-0.2743203043937683
acute-inflammation,-0.060737058520317,-0.0012431474169716,0.0695688650012016,-0.1184311434626579,-0.03584536164999,-0.2975112795829773,0.1120018288493156,-0.2215177565813064,0.1072104349732399,-0.0563170500099659,0.4140866696834564,0.107777789235115,0.1662964224815368,0.0087265176698565,-0.0298221688717603,-0.2438205182552337,-0.0927852988243103,-0.1264647096395492,-0.1032172664999961,-0.099073439836502,-0.1398619413375854,-0.0309820342808961,-0.0301160402595996,-0.3382381200790405,0.3506813049316406,-0.1784387230873108,-0.2243513762950897,-0.1927880495786667,-0.0756835341453552,0.0922840014100074,-0.3016852736473083,0.1083117872476577
acute-nephritis,-0.1735826730728149,0.0403246097266674,-0.2087525576353073,-0.0995651483535766,-0.2302548885345459,-0.3203960061073303,0.0836689323186874,0.053670659661293,-0.0989768281579017,-0.0067639788612723,0.039967130869627,0.2476391345262527,-0.1220222264528274,-0.0219587013125419,0.0811548456549644,0.4159267842769623,0.2017660439014434,0.2318309545516967,-0.2906917929649353,0.1546362340450287,0.2754742801189422,-0.274148017168045,-0.0474157556891441,-0.0762606263160705,-0.1300482451915741,0.0150399003177881,-0.2320965826511383,-0.0603045746684074,0.1948268413543701,0.0012571670813485,-0.081333503127098,0.0169672705233097
car,0.059465292841196,-0.0830016881227493,-0.0306337345391511,-0.1018085032701492,-0.3537406325340271,-0.2241484522819519,0.1056780070066452,-0.2414952963590622,0.1316331177949905,0.1803180128335952,-0.0842670872807502,0.2693906128406524,-0.112081229686737,-0.112784743309021,-0.1130386069416999,0.3771808743476867,0.1411897093057632,0.069932036101818,-0.1241393759846687,-0.1309662759304046,0.2739467918872833,-0.2111592441797256,0.3023520708084106,-0.161681592464447,-0.1289832442998886,0.0961352884769439,-0.1655222922563552,-0.0909898281097412,0.1765284836292266,-0.0150366323068737,0.095873162150383,-0.1638672798871994
conn-bench-sonar-mines-rocks,0.1368627250194549,-0.0889540016651153,0.0622826516628265,-0.0508478693664073,-0.1185492798686027,0.1014551594853401,0.180526852607727,-0.0988673195242881,-0.3337902724742889,-0.2344352453947067,-0.0706709250807762,-0.2694722414016723,0.0154992332682013,0.0208925083279609,0.3219586610794067,0.1727154701948166,-0.1880960315465927,0.2355908006429672,-0.1039398163557052,-0.0321273505687713,0.2541665732860565,-0.2013401240110397,0.0314314030110836,0.2636607885360718,-0.0863793492317199,-0.2570082545280456,0.3007565438747406,-0.13678739964962,0.0405645929276943,-0.0796216279268264,0.0216034054756164,0.2292054444551468
conn-bench-vowel-deterding,0.2862477302551269,-0.06277996301651,0.0749332979321479,-0.0412471033632755,-0.1579750031232834,0.0087114758789539,0.0216228421777486,-0.2956526279449463,0.2460775673389434,0.2502175867557525,-0.281260997056961,0.0863855704665184,-0.1644239127635955,-0.0768172070384025,-0.1967857182025909,0.1965326368808746,-0.0199090745300054,-0.0458900891244411,0.0766205638647079,-0.2596344649791717,0.1417711079120636,-0.0848390683531761,0.4850129187107086,-0.026540407910943,-0.1237257197499275,0.0912243947386741,0.1225418895483017,-0.0364494025707244,-0.001066327211447,0.1038929894566536,0.1475295722484588,-0.2496377676725387
credit-approval,-0.0625002533197403,0.0124826859682798,0.0868189334869384,-0.1027885302901268,0.0109295640140771,-0.2747943997383117,0.0747178569436073,-0.2321583181619644,0.1084333434700965,-0.0410425774753093,0.3900683522224426,0.1237785741686821,0.1586779803037643,-0.0145466914400458,-0.0666511952877044,-0.2401430755853653,-0.0941632762551307,-0.1359063535928726,-0.0953223183751106,-0.1080384403467178,-0.1477556228637695,-0.0317878909409046,-0.0108958696946501,-0.3317335247993469,0.3667689859867096,-0.186319038271904,-0.2136439383029937,-0.184365913271904,-0.1110484674572944,0.1243988573551178,-0.3238711953163147,0.1078566163778305
fertility,-0.0531835332512855,-0.0148659348487854,0.04811617359519,0.0907200723886489,0.0387019775807857,0.1794575601816177,0.0209235791116952,-0.0148892533034086,-0.4830126166343689,-0.2326158732175827,-0.1090038865804672,-0.1026221215724945,-0.0391585156321525,-0.0941952988505363,0.2093699127435684,0.2931196987628937,-0.0588618144392967,0.1886810958385467,-0.1516925245523452,0.0727630481123924,0.3066239655017853,-0.2386056929826736,-0.0617669709026813,0.3311318457126617,-0.0633151531219482,-0.1904357820749282,0.1613092571496963,0.0148376123979687,0.0363627113401889,-0.0966016501188278,-0.047196127474308,0.3014557361602783
hepatitis,0.059246502816677,-0.0937345027923584,0.1593998223543167,0.1250191479921341,0.0322144776582717,0.2609281539916992,0.0238712653517723,-0.1585782617330551,-0.403651475906372,-0.2466854602098465,-0.1428374946117401,-0.1721896380186081,-0.0098932096734642,-0.0826271399855613,0.1882323324680328,0.2023027539253235,-0.1881785988807678,0.109398141503334,-0.0414092615246772,-0.0845435783267021,0.2695629000663757,-0.2111784666776657,0.085497498512268,0.3209552764892578,-0.0409003086388111,-0.19147489964962,0.2683067619800567,-0.0102175772190094,0.0065246410667896,-0.1063813939690589,0.0097331842407584,0.2983248233795166
molec-biol-splice,0.1124452054500579,-0.3244024515151977,0.0991186574101448,-0.0456506796181201,-0.3192719519138336,0.0390611514449119,0.1329588890075683,-0.1280972212553024,0.1414734870195388,-0.2114970237016677,0.1012143120169639,-0.2276352792978286,0.2389989644289016,0.1291077136993408,0.2546679675579071,-0.1568703949451446,-0.2313987463712692,0.1010141670703888,0.1930558234453201,-0.2066283077001571,-0.0354454815387725,0.1367971897125244,0.0391177684068679,-0.1137779802083969,-0.1148328110575676,0.0008663366897962,0.1524151265621185,-0.1474533230066299,0.1830616295337677,-0.2748976349830627,0.3113711178302765,0.0157834738492965
monks-1,-0.1733875721693039,0.0529254525899887,-0.2148776054382324,-0.1138504222035408,-0.2168131172657013,-0.3231950104236603,0.0748351439833641,0.0796268656849861,-0.0889054462313652,0.0134523594751954,0.0277252458035945,0.2431795448064804,-0.1203074902296066,-0.0219295602291822,0.0730767920613288,0.4145804643630981,0.2159113436937332,0.2473213970661163,-0.292411059141159,0.1687177270650863,0.2598560750484466,-0.2667988836765289,-0.0593630261719226,-0.0780852735042572,-0.1383394300937652,0.0133674945682287,-0.2259413301944732,-0.070462018251419,0.1776170283555984,0.0226491596549749,-0.0834096819162368,0.001778649049811
oocytes_trisopterus_nucleus_2f,0.192473903298378,0.1213077530264854,-0.1088478937745094,-0.2077090442180633,-0.205855906009674,-0.2592635154724121,0.48841193318367,0.1184252500534057,-0.1087727397680282,0.0136590059846639,0.1819785237312317,-0.2979865074157715,-0.0994173809885978,0.3164891898632049,0.2795811295509338,-0.1655278205871582,-0.0243542101234197,-0.1273801177740097,-0.2083667814731598,0.1015213876962661,-0.020312501117587,-0.2011281996965408,-0.1103945896029472,0.0790469422936439,-0.0297802407294511,0.0006879480788484,-0.0060178274288773,-0.1691018044948578,0.0998763814568519,-0.0059826439246535,-0.0691785216331482,0.0859031155705452
pittsburg-bridges-T-OR-D,0.0943287163972854,0.2436858266592025,0.1413791626691818,0.0574420392513275,0.4037255048751831,0.0867254212498664,-0.0655551627278328,-0.091567076742649,-0.1597837656736374,0.1161301434040069,-0.1180966272950172,-0.0209666937589645,-0.1618251055479049,-0.0659516155719757,-0.1877789050340652,-0.0404999367892742,-0.0665728077292442,-0.1994473040103912,-0.0989038571715354,-0.0338826440274715,-0.0437069348990917,-0.2116451412439346,0.1417723298072815,0.1677770465612411,0.2048622518777847,-0.1446403861045837,0.1211829483509063,-0.0182658322155475,-0.3247639238834381,0.3480857610702514,-0.3610369563102722,0.139310821890831
plant-margin,-0.0643214061856269,0.1822699606418609,-0.1574195772409439,0.2520928978919983,0.3207074701786041,0.2292246967554092,-0.2378099262714386,0.2979182302951813,-0.0494667924940586,0.0656197145581245,-0.228207066655159,0.0270899347960948,-0.2599410712718963,0.0563050024211406,-0.131016343832016,-0.0056696790270507,0.1121539026498794,-0.1708201020956039,0.104493536055088,0.1876671314239502,-0.059781264513731,0.1254914849996566,-0.0767109170556068,0.2766582667827606,-0.106784239411354,0.2481050938367843,0.0110944919288158,0.394187331199646,-0.0342606045305728,0.0170062761753797,0.0411185808479785,-0.0695608034729957
spambase,0.2095360606908798,0.1458186358213424,-0.1026846393942833,-0.2046017497777938,-0.1721160262823104,-0.2452528625726699,0.4840892553329468,0.126481220126152,-0.1183831617236137,0.0347830131649971,0.1544071286916732,-0.3099062144756317,-0.1219231635332107,0.3176857233047485,0.2638662755489349,-0.1659544110298156,-0.0235749911516904,-0.1418826729059219,-0.2123675197362899,0.1041813716292381,-0.026010425761342,-0.2160972654819488,-0.0976190790534019,0.1047488823533058,-0.0297474656254053,-0.0003002707089763,0.0140635566785931,-0.1672301888465881,0.0727586895227432,0.0249360632151365,-0.0855789184570312,0.0862811356782913
statlog-german-credit,0.072025716304779,0.1849557906389236,0.1103507205843925,-0.0920013263821601,0.2140406370162964,-0.1865728348493576,0.0868014246225357,-0.1519989669322967,0.0254662558436393,0.1003307253122329,0.1977805197238922,0.0087403198704123,-0.0124683734029531,0.0251365546137094,-0.1384544968605041,-0.2411237210035324,-0.0857047289609909,-0.2359810620546341,-0.1345444321632385,-0.0731908679008483,-0.1754049360752105,-0.1482304632663726,0.0642966702580452,-0.1293785274028778,0.3383160531520843,-0.1783666461706161,-0.0669047385454177,-0.1720968186855316,-0.2711379528045654,0.317641019821167,-0.4161289930343628,0.1124759092926979
statlog-heart,0.1789671331644058,0.1038979068398475,-0.11137006431818,-0.2097906172275543,-0.2274778932332992,-0.2701199054718017,0.488948792219162,0.1097484230995178,-0.1001603379845619,-0.0010715596145018,0.2037255316972732,-0.2866178154945373,-0.081547237932682,0.313372254371643,0.2876774668693542,-0.1667474508285522,-0.0256301276385784,-0.1179086938500404,-0.205270230770111,0.0978816896677017,-0.0180021058768033,-0.1898227781057357,-0.1185400784015655,0.0572863295674324,-0.0257324911653995,-0.0007130821468308,-0.0219224654138088,-0.1714707463979721,0.1164041981101036,-0.0255876686424016,-0.060917243361473,0.0860486477613449
steel-plates,0.2854538857936859,-0.0774275138974189,0.1495288014411926,0.0027216996531933,-0.0260283444076776,0.1638066470623016,-0.0792530998587608,-0.2647174000740051,0.2322896420955658,0.2258201539516449,-0.3355233073234558,0.0142632750794291,-0.093183048069477,-0.114024206995964,-0.2144249677658081,0.1088263839483261,-0.0696992874145507,-0.0375592187047004,0.1733437478542328,-0.2708058059215545,0.0617153011262416,0.0174840986728668,0.4484369456768036,0.0244643855839967,-0.1072047352790832,0.0575691536068916,0.2301733791828155,-0.0159020163118839,-0.0831347927451133,0.1121156960725784,0.1727357357740402,-0.2371287047863006
titanic,0.186284139752388,0.2268455028533935,0.002133805071935,0.0435757264494895,0.1779772043228149,0.0644446089863777,0.1940836310386657,0.0419074483215808,-0.3506788611412048,0.0036139832809567,-0.1460605710744857,-0.2313483655452728,-0.2901766300201416,0.1299490481615066,0.0999178290367126,0.0578310936689376,-0.0746319815516471,-0.1564760208129882,-0.187113344669342,0.0670981854200363,0.1247533783316612,-0.336449921131134,0.0712106674909591,0.3942052125930786,-0.0047223232686519,-0.0695123896002769,0.1903695613145828,0.0200002957135438,-0.1087075024843216,0.1550978720188141,-0.2027755379676818,0.2171085625886917
twonorm,0.1597853004932403,0.0774892419576644,-0.1168496161699295,-0.2102642655372619,-0.2590326368808746,-0.2803549170494079,0.4862807095050812,0.1012188047170639,-0.0879271551966667,-0.0216960161924362,0.2276065945625305,-0.2710146009922027,-0.0580614767968654,0.3083493709564209,0.2995942533016205,-0.1636581867933273,-0.0255937278270721,-0.1008250042796135,-0.1977108567953109,0.0941020399332046,-0.0121995024383068,-0.1712509989738464,-0.1296662986278534,0.0307348649948835,-0.026903910562396,0.001195439021103,-0.0413319505751132,-0.1707119047641754,0.1424623429775238,-0.0565930791199207,-0.0419614166021347,0.0831091403961181
wall-following,-0.2471970170736313,0.0702229216694831,-0.2346496433019638,0.3462841808795929,0.1958647519350052,0.1125104650855064,-0.3119949102401733,0.2007832676172256,-0.108550876379013,-0.1281278282403946,0.0030453484505414,0.2153107672929763,-0.2004642933607101,0.0025327384937554,-0.1089364066720008,0.0875466912984848,0.1056375280022621,-0.1042863503098487,0.044554591178894,0.1739585697650909,0.0510137714445591,0.1277442127466201,-0.1418061405420303,0.1562488824129104,0.021468736231327,0.1703093647956848,-0.2186164706945419,0.4649659395217895,0.0446000285446643,-0.133597657084465,-0.0128319766372442,0.0695759505033493
wine-quality-red,0.2160108238458633,-0.1088408678770065,0.2143827080726623,0.0260557532310485,0.0908396393060684,0.290926843881607,-0.1922162026166916,-0.2038957327604293,0.2007681131362915,0.1644280850887298,-0.3367927074432373,-0.0349585935473442,0.0376819670200347,-0.169270172715187,-0.2018859386444091,0.0283825974911451,-0.098526731133461,0.0307629108428955,0.2496944516897201,-0.2463661581277847,-0.0229769479483366,0.1356450319290161,0.3347814679145813,0.0323288850486278,-0.082153096795082,-0.0024260731879621,0.2989118099212646,-0.0214046016335487,-0.1463223844766616,0.0967877805233001,0.1874840259552002,-0.2038948684930801
